Rebecca D.,5.0 star rating,au-cheval-chicago
Dori S.,1.0 star rating,smoque-bbq-chicago
Cami P.,5.0 star rating,big-and-littles-restaurant-chicago-2
Alicia M.,5.0 star rating,smalls-smoke-shack-and-more-chicago
Gary B.,5.0 star rating,little-bad-wolf-chicago
John I.,5.0 star rating,big-and-littles-restaurant-chicago-2
Gina V.,5.0 star rating,the-angry-crab-chicago-3
Shahzad S.,5.0 star rating,the-roost-carolina-kitchen-chicago
Amanda K.,5.0 star rating,knife-and-tine-chicago-2
Megan M.,1.0 star rating,boeufhaus-chicago
Steve S.,5.0 star rating,cafe-versailles-chicago
Colleen M.,5.0 star rating,au-cheval-chicago
Lisa H.,4.0 star rating,the-angry-crab-chicago-3
Andrew F.,1.0 star rating,big-and-littles-restaurant-chicago-2
Paul G.,5.0 star rating,smoque-bbq-chicago,5.0 star rating,the-angry-crab-chicago-3
Dan V.,1.0 star rating,farmhouse-chicago-3
Carolyn L.,5.0 star rating,boeufhaus-chicago,1.0 star rating,boeufhaus-chicago
Luke L.,5.0 star rating,the-purple-pig-chicago
PC S.,5.0 star rating,t-and-b-grill-chicago
Jeremy R.,5.0 star rating,little-bad-wolf-chicago
Angela M.,5.0 star rating,cafe-versailles-chicago
Deanna M.,5.0 star rating,mother-cluckers-kitchen-chicago
Romana Y.,4.0 star rating,farmhouse-chicago-3
Laurence K.,5.0 star rating,girl-and-the-goat-chicago
Diana R.,5.0 star rating,arbor-chicago
Shaina K.,5.0 star rating,big-and-littles-restaurant-chicago-2
Christopher V.,4.0 star rating,farmhouse-chicago-3
Sarah S.,5.0 star rating,boeufhaus-chicago,1.0 star rating,boeufhaus-chicago,1.0 star rating,boeufhaus-chicago,5.0 star rating,big-and-littles-restaurant-chicago-2
Brett H.,5.0 star rating,au-cheval-chicago
Melanie S.,5.0 star rating,boeufhaus-chicago,1.0 star rating,boeufhaus-chicago,4.0 star rating,the-roost-carolina-kitchen-chicago
Anna C.,5.0 star rating,t-and-b-grill-chicago
Ana F.,4.0 star rating,farmhouse-chicago-3
Daniel C.,4.0 star rating,gather-chicago
Nancy C.,5.0 star rating,arbor-chicago
Mimi N.,5.0 star rating,boeufhaus-chicago,1.0 star rating,boeufhaus-chicago
Sonia L.,1.0 star rating,boeufhaus-chicago
Sarah B.,4.0 star rating,au-cheval-chicago
Huong N.,5.0 star rating,smoque-bbq-chicago
DeWitt K.,5.0 star rating,girl-and-the-goat-chicago
Patricia L.,5.0 star rating,big-and-littles-restaurant-chicago-2
Norm J.,5.0 star rating,velvet-taco-chicago,5.0 star rating,the-angry-crab-chicago-3
Shelby G.,5.0 star rating,the-purple-pig-chicago
Jonah B.,5.0 star rating,t-and-b-grill-chicago
Gabriel C.,5.0 star rating,mother-cluckers-kitchen-chicago
Brent C.,5.0 star rating,smoque-bbq-chicago
John G.,5.0 star rating,knife-and-tine-chicago-2
Douglas B.,5.0 star rating,little-bad-wolf-chicago,5.0 star rating,cafe-versailles-chicago
Marlyn L.,1.0 star rating,smoque-bbq-chicago
Kristine C.,5.0 star rating,knife-and-tine-chicago-2
Mary N.,5.0 star rating,the-angry-crab-chicago-3
Minh-An C.,4.0 star rating,the-angry-crab-chicago-3
Barbie M.,5.0 star rating,the-purple-pig-chicago
tracey z.,1.0 star rating,big-and-littles-restaurant-chicago-2
Lori L.,4.0 star rating,farmhouse-chicago-3,1.0 star rating,farmhouse-chicago-3
Dan C.,5.0 star rating,the-roost-carolina-kitchen-chicago
Nancy Y.,5.0 star rating,girl-and-the-goat-chicago
Jeff B.,5.0 star rating,mother-cluckers-kitchen-chicago
Josh F.,5.0 star rating,hq-howard-quintero-chicago-2
Claudy C.,5.0 star rating,little-bad-wolf-chicago
Ray S.,5.0 star rating,velvet-taco-chicago
Neha S.,5.0 star rating,knife-and-tine-chicago-2
Baky S.,5.0 star rating,boeufhaus-chicago
Peter K.,5.0 star rating,little-bad-wolf-chicago,5.0 star rating,little-bad-wolf-chicago
S M.,1.0 star rating,smoque-bbq-chicago
Fei W.,4.0 star rating,au-cheval-chicago
Jenny H.,5.0 star rating,cafe-versailles-chicago,5.0 star rating,smalls-smoke-shack-and-more-chicago
Patrick R.,1.0 star rating,boeufhaus-chicago
Liz F.,5.0 star rating,cafe-versailles-chicago
Marie B.,5.0 star rating,hq-howard-quintero-chicago-2,5.0 star rating,gather-chicago,5.0 star rating,smalls-smoke-shack-and-more-chicago
Rix T.,1.0 star rating,big-and-littles-restaurant-chicago-2
Anne T.,5.0 star rating,the-roost-carolina-kitchen-chicago,4.0 star rating,the-roost-carolina-kitchen-chicago
Denise H.,5.0 star rating,little-bad-wolf-chicago
Cinthya Q.,5.0 star rating,smoque-bbq-chicago
Naywri W.,5.0 star rating,velvet-taco-chicago,5.0 star rating,velvet-taco-chicago
Katie K.,5.0 star rating,arbor-chicago,5.0 star rating,jj-thai-street-food-chicago
Sarah L.,5.0 star rating,arbor-chicago
Tom C.,5.0 star rating,gather-chicago
Andrew S.,5.0 star rating,hq-howard-quintero-chicago-2
Chris O.,5.0 star rating,au-cheval-chicago
Lex B.,5.0 star rating,t-and-b-grill-chicago
Kevin W.,5.0 star rating,jj-thai-street-food-chicago
Anna G.,5.0 star rating,smoque-bbq-chicago
Jonas K.,5.0 star rating,the-roost-carolina-kitchen-chicago
Adriana R.,1.0 star rating,big-and-littles-restaurant-chicago-2
Leila T.,1.0 star rating,farmhouse-chicago-3
Mike M.,5.0 star rating,hq-howard-quintero-chicago-2,5.0 star rating,smalls-smoke-shack-and-more-chicago,5.0 star rating,smalls-smoke-shack-and-more-chicago
Eden P.,1.0 star rating,smoque-bbq-chicago
Caleb B.,1.0 star rating,big-and-littles-restaurant-chicago-2
M M.,5.0 star rating,big-and-littles-restaurant-chicago-2
Matthew S.,5.0 star rating,little-bad-wolf-chicago,1.0 star rating,farmhouse-chicago-3
Danny W.,4.0 star rating,au-cheval-chicago,5.0 star rating,knife-and-tine-chicago-2,5.0 star rating,jj-thai-street-food-chicago
Jean F.,5.0 star rating,t-and-b-grill-chicago
Allan M.,5.0 star rating,the-roost-carolina-kitchen-chicago,5.0 star rating,little-bad-wolf-chicago
Gino W.,5.0 star rating,cafe-versailles-chicago
Sandeep P.,5.0 star rating,knife-and-tine-chicago-2
Carolyn I.,5.0 star rating,gather-chicago
Erin A.,5.0 star rating,arbor-chicago
Eric B.,5.0 star rating,boeufhaus-chicago
William B.,5.0 star rating,smalls-smoke-shack-and-more-chicago
Erica L.,5.0 star rating,knife-and-tine-chicago-2
Rae O.,5.0 star rating,the-roost-carolina-kitchen-chicago
Amy H.,5.0 star rating,cafe-versailles-chicago
Howard L.,5.0 star rating,mother-cluckers-kitchen-chicago
Stephen M.,5.0 star rating,arbor-chicago
James D.,5.0 star rating,mother-cluckers-kitchen-chicago
Paige W.,1.0 star rating,farmhouse-chicago-3
Kate M.,5.0 star rating,the-purple-pig-chicago
Sparty S.,1.0 star rating,boeufhaus-chicago
Lauren P.,5.0 star rating,the-angry-crab-chicago-3
Erin S.,5.0 star rating,knife-and-tine-chicago-2
Jenny S.,5.0 star rating,the-purple-pig-chicago
Shannon M.,5.0 star rating,smalls-smoke-shack-and-more-chicago
Sana S.,5.0 star rating,the-purple-pig-chicago
Andrea R.,5.0 star rating,the-purple-pig-chicago,4.0 star rating,au-cheval-chicago,5.0 star rating,girl-and-the-goat-chicago
Anjali G.,5.0 star rating,jj-thai-street-food-chicago
Michael C.,5.0 star rating,au-cheval-chicago,5.0 star rating,knife-and-tine-chicago-2
Dennis S.,5.0 star rating,the-purple-pig-chicago
Zorin D.,5.0 star rating,the-roost-carolina-kitchen-chicago
Gene Z.,5.0 star rating,t-and-b-grill-chicago
Suzanne N.,5.0 star rating,knife-and-tine-chicago-2,5.0 star rating,knife-and-tine-chicago-2
David N.,5.0 star rating,velvet-taco-chicago
Amanda T.,5.0 star rating,hq-howard-quintero-chicago-2
Jackie K.,5.0 star rating,the-purple-pig-chicago
Robert W.,5.0 star rating,mother-cluckers-kitchen-chicago
Christine C.,5.0 star rating,little-bad-wolf-chicago
Kevin N.,5.0 star rating,au-cheval-chicago,5.0 star rating,little-bad-wolf-chicago,5.0 star rating,little-bad-wolf-chicago,5.0 star rating,little-bad-wolf-chicago
Mary L.,5.0 star rating,the-roost-carolina-kitchen-chicago
Brian A.,5.0 star rating,the-roost-carolina-kitchen-chicago
Mike P.,1.0 star rating,farmhouse-chicago-3
Mahsa T.,5.0 star rating,girl-and-the-goat-chicago
Philip H.,5.0 star rating,hq-howard-quintero-chicago-2,5.0 star rating,hq-howard-quintero-chicago-2
Karen N.,5.0 star rating,cafe-versailles-chicago
Charlie B.,5.0 star rating,little-bad-wolf-chicago
Monica L.,5.0 star rating,hq-howard-quintero-chicago-2
Peter U.,5.0 star rating,the-purple-pig-chicago
Victoria D.,5.0 star rating,hq-howard-quintero-chicago-2
Patricia H.,1.0 star rating,big-and-littles-restaurant-chicago-2
Dan L.,1.0 star rating,boeufhaus-chicago
Neal K.,5.0 star rating,jj-thai-street-food-chicago
Weslie I.,5.0 star rating,little-bad-wolf-chicago
Bethany W.,5.0 star rating,smoque-bbq-chicago
Jimmy P.,5.0 star rating,knife-and-tine-chicago-2
Rhonda G.,5.0 star rating,girl-and-the-goat-chicago
Angela S.,4.0 star rating,au-cheval-chicago,5.0 star rating,hq-howard-quintero-chicago-2
Michelangelo V.,5.0 star rating,the-angry-crab-chicago-3
Alice A.,5.0 star rating,the-angry-crab-chicago-3
Angel H.,5.0 star rating,mother-cluckers-kitchen-chicago
Neil C.,5.0 star rating,t-and-b-grill-chicago
Trey L.,1.0 star rating,big-and-littles-restaurant-chicago-2
Austen O.,5.0 star rating,cafe-versailles-chicago
Teri Y.,4.0 star rating,au-cheval-chicago
E. K.,5.0 star rating,hq-howard-quintero-chicago-2
Lauren B.,5.0 star rating,velvet-taco-chicago
Chad L.,5.0 star rating,arbor-chicago
Phil S.,5.0 star rating,cafe-versailles-chicago,5.0 star rating,smalls-smoke-shack-and-more-chicago,5.0 star rating,mother-cluckers-kitchen-chicago
Rob J.,5.0 star rating,smalls-smoke-shack-and-more-chicago
Gavin P.,4.0 star rating,farmhouse-chicago-3
Tina M.,5.0 star rating,smoque-bbq-chicago,1.0 star rating,smoque-bbq-chicago
Michael H.,5.0 star rating,the-purple-pig-chicago,4.0 star rating,the-roost-carolina-kitchen-chicago,5.0 star rating,gather-chicago,5.0 star rating,smalls-smoke-shack-and-more-chicago,5.0 star rating,smalls-smoke-shack-and-more-chicago,5.0 star rating,smalls-smoke-shack-and-more-chicago
Frank L.,5.0 star rating,velvet-taco-chicago
Mindy S.,5.0 star rating,the-purple-pig-chicago
Ashley H.,5.0 star rating,smoque-bbq-chicago
Kristen A.,5.0 star rating,smoque-bbq-chicago
Aditi M.,4.0 star rating,farmhouse-chicago-3
SeanSean P.,5.0 star rating,arbor-chicago
Tiffany L.,5.0 star rating,the-angry-crab-chicago-3,4.0 star rating,the-angry-crab-chicago-3,4.0 star rating,the-angry-crab-chicago-3
Steve U.,5.0 star rating,jj-thai-street-food-chicago
Brandon A.,5.0 star rating,smoque-bbq-chicago
Anthony M.,5.0 star rating,boeufhaus-chicago,1.0 star rating,boeufhaus-chicago,5.0 star rating,t-and-b-grill-chicago
Vanessa G.,1.0 star rating,boeufhaus-chicago
matt w.,5.0 star rating,boeufhaus-chicago
Brie G.,5.0 star rating,big-and-littles-restaurant-chicago-2
Mark A.,5.0 star rating,jj-thai-street-food-chicago
Joe L.,4.0 star rating,the-roost-carolina-kitchen-chicago
T K.,5.0 star rating,big-and-littles-restaurant-chicago-2,1.0 star rating,big-and-littles-restaurant-chicago-2
Jason C.,5.0 star rating,smalls-smoke-shack-and-more-chicago
Mamma J.,5.0 star rating,mother-cluckers-kitchen-chicago
Claire Y.,5.0 star rating,the-angry-crab-chicago-3
John O.,5.0 star rating,girl-and-the-goat-chicago
Sandy R.,5.0 star rating,arbor-chicago,5.0 star rating,smalls-smoke-shack-and-more-chicago,5.0 star rating,smalls-smoke-shack-and-more-chicago
Todd N.,5.0 star rating,the-purple-pig-chicago
Mac R.,5.0 star rating,the-angry-crab-chicago-3
Royce S.,5.0 star rating,boeufhaus-chicago
David B.,5.0 star rating,gather-chicago
Robin D.,4.0 star rating,farmhouse-chicago-3,5.0 star rating,gather-chicago
Angela N.,5.0 star rating,velvet-taco-chicago
marianne r.,5.0 star rating,hq-howard-quintero-chicago-2
Aaron P.,5.0 star rating,the-purple-pig-chicago,1.0 star rating,farmhouse-chicago-3
Meredith K.,5.0 star rating,the-purple-pig-chicago
Chris E.,5.0 star rating,knife-and-tine-chicago-2
Mahendra N.,4.0 star rating,farmhouse-chicago-3,1.0 star rating,farmhouse-chicago-3
Caroline M.,4.0 star rating,farmhouse-chicago-3,4.0 star rating,farmhouse-chicago-3,1.0 star rating,farmhouse-chicago-3
Connie Y.,5.0 star rating,au-cheval-chicago,5.0 star rating,knife-and-tine-chicago-2,5.0 star rating,little-bad-wolf-chicago
Ericka A.,5.0 star rating,gather-chicago
Andrea H.,5.0 star rating,the-purple-pig-chicago
Haley S.,4.0 star rating,gather-chicago
Kyle H.,5.0 star rating,smoque-bbq-chicago
Carmelo E.,5.0 star rating,knife-and-tine-chicago-2
Simeen A.,5.0 star rating,knife-and-tine-chicago-2
iddells E.,5.0 star rating,smalls-smoke-shack-and-more-chicago
Kumba S.,5.0 star rating,t-and-b-grill-chicago
David P.,5.0 star rating,knife-and-tine-chicago-2
Dhruv P.,4.0 star rating,gather-chicago
Kyrah L.,5.0 star rating,the-purple-pig-chicago
Zach J.,5.0 star rating,little-bad-wolf-chicago,5.0 star rating,smalls-smoke-shack-and-more-chicago
Carol V.,5.0 star rating,knife-and-tine-chicago-2
Jendy B.,5.0 star rating,hq-howard-quintero-chicago-2
Tammy T.,5.0 star rating,velvet-taco-chicago
Ariel L.,5.0 star rating,boeufhaus-chicago,4.0 star rating,au-cheval-chicago
Jeffrey C.,5.0 star rating,girl-and-the-goat-chicago
Kaitlin M.,4.0 star rating,gather-chicago
Sergio A.,1.0 star rating,boeufhaus-chicago
Bryan M.,5.0 star rating,the-angry-crab-chicago-3,4.0 star rating,the-angry-crab-chicago-3
Matt K.,5.0 star rating,the-purple-pig-chicago
Sam T.,5.0 star rating,the-purple-pig-chicago
gd v.,1.0 star rating,smoque-bbq-chicago
Peggy M.,5.0 star rating,mother-cluckers-kitchen-chicago
Jesse R.,1.0 star rating,farmhouse-chicago-3
Terrel K.,4.0 star rating,the-angry-crab-chicago-3
Yanyao N.,4.0 star rating,gather-chicago
Lindsey A.,5.0 star rating,gather-chicago
Lori M.,5.0 star rating,velvet-taco-chicago
Sunny G.,1.0 star rating,farmhouse-chicago-3
Winston G.,4.0 star rating,au-cheval-chicago
Adrienne H.,5.0 star rating,velvet-taco-chicago,5.0 star rating,velvet-taco-chicago
Cindy H.,1.0 star rating,farmhouse-chicago-3
Lindsey H.,5.0 star rating,velvet-taco-chicago
Jen C.,5.0 star rating,velvet-taco-chicago
Mike K.,5.0 star rating,mother-cluckers-kitchen-chicago
Vilma S.,5.0 star rating,knife-and-tine-chicago-2
Joe H.,5.0 star rating,velvet-taco-chicago
Michael L.,5.0 star rating,jj-thai-street-food-chicago
Jason G.,5.0 star rating,gather-chicago,4.0 star rating,gather-chicago
Elizabeth W.,5.0 star rating,velvet-taco-chicago
Naomi G.,5.0 star rating,cafe-versailles-chicago
Alison Y.,5.0 star rating,au-cheval-chicago
Julia J.,5.0 star rating,little-bad-wolf-chicago
K B.,5.0 star rating,little-bad-wolf-chicago
Erick N.,5.0 star rating,knife-and-tine-chicago-2,5.0 star rating,knife-and-tine-chicago-2
Jennifer B.,5.0 star rating,cafe-versailles-chicago
Diane T.,5.0 star rating,au-cheval-chicago
Anna V.,5.0 star rating,au-cheval-chicago,4.0 star rating,au-cheval-chicago,1.0 star rating,smoque-bbq-chicago
Elise J.,5.0 star rating,hq-howard-quintero-chicago-2
Robert C.,5.0 star rating,boeufhaus-chicago
Justin B.,5.0 star rating,knife-and-tine-chicago-2,5.0 star rating,smalls-smoke-shack-and-more-chicago
Chicago B.,1.0 star rating,smoque-bbq-chicago
Lily Z.,5.0 star rating,boeufhaus-chicago
Calin D.,5.0 star rating,little-bad-wolf-chicago
Evan S.,4.0 star rating,au-cheval-chicago
Melissa B.,5.0 star rating,gather-chicago
Lisa N.,4.0 star rating,farmhouse-chicago-3
Merril I.,5.0 star rating,velvet-taco-chicago
Trang T.,5.0 star rating,the-angry-crab-chicago-3
Sylvia G.,5.0 star rating,cafe-versailles-chicago
Marissa T.,5.0 star rating,t-and-b-grill-chicago
Caroline A.,5.0 star rating,the-purple-pig-chicago
Kee V.,4.0 star rating,gather-chicago
Amy S.,4.0 star rating,farmhouse-chicago-3
Lizz M.,4.0 star rating,gather-chicago
Traci K.,5.0 star rating,big-and-littles-restaurant-chicago-2
Mare C.,5.0 star rating,jj-thai-street-food-chicago
Francis F.,5.0 star rating,mother-cluckers-kitchen-chicago
G R.,1.0 star rating,smoque-bbq-chicago
Reda K.,4.0 star rating,the-angry-crab-chicago-3
Patti G.,5.0 star rating,little-bad-wolf-chicago
Aaron S.,5.0 star rating,little-bad-wolf-chicago
Bill M.,5.0 star rating,t-and-b-grill-chicago,5.0 star rating,smalls-smoke-shack-and-more-chicago,5.0 star rating,mother-cluckers-kitchen-chicago
Noomi J.,5.0 star rating,smoque-bbq-chicago,1.0 star rating,smoque-bbq-chicago,5.0 star rating,big-and-littles-restaurant-chicago-2,1.0 star rating,big-and-littles-restaurant-chicago-2,5.0 star rating,the-angry-crab-chicago-3
Jennie T.,5.0 star rating,the-purple-pig-chicago,4.0 star rating,au-cheval-chicago,5.0 star rating,smalls-smoke-shack-and-more-chicago
Moise O.,5.0 star rating,cafe-versailles-chicago
Brett F.,5.0 star rating,the-purple-pig-chicago,5.0 star rating,girl-and-the-goat-chicago
Alex I.,5.0 star rating,jj-thai-street-food-chicago
Simon K.,5.0 star rating,the-angry-crab-chicago-3
Jean P.,5.0 star rating,mother-cluckers-kitchen-chicago
Margie L.,5.0 star rating,mother-cluckers-kitchen-chicago
Kate P.,5.0 star rating,gather-chicago
Julie Y.,5.0 star rating,knife-and-tine-chicago-2
Alex R.,5.0 star rating,gather-chicago
Tony D.,1.0 star rating,big-and-littles-restaurant-chicago-2
Shambavi K.,4.0 star rating,farmhouse-chicago-3
Frank W.,4.0 star rating,farmhouse-chicago-3
Gio D.,5.0 star rating,the-roost-carolina-kitchen-chicago
Eva S.,5.0 star rating,au-cheval-chicago,5.0 star rating,knife-and-tine-chicago-2
Suzanne R.,5.0 star rating,boeufhaus-chicago,1.0 star rating,boeufhaus-chicago
Sallyann Z.,5.0 star rating,velvet-taco-chicago,5.0 star rating,smoque-bbq-chicago
Aj A.,5.0 star rating,gather-chicago
Karen M.,5.0 star rating,boeufhaus-chicago
Regina P.,5.0 star rating,hq-howard-quintero-chicago-2
Matt L.,5.0 star rating,velvet-taco-chicago,5.0 star rating,velvet-taco-chicago,5.0 star rating,velvet-taco-chicago,5.0 star rating,velvet-taco-chicago
Asma M.,5.0 star rating,hq-howard-quintero-chicago-2
Ashley L.,4.0 star rating,farmhouse-chicago-3
Charlie C.,4.0 star rating,au-cheval-chicago
Tim H.,5.0 star rating,the-purple-pig-chicago
Danny M.,4.0 star rating,the-angry-crab-chicago-3
Amy Z.,5.0 star rating,au-cheval-chicago,5.0 star rating,little-bad-wolf-chicago
Natalia S.,5.0 star rating,knife-and-tine-chicago-2
Hankyung C.,4.0 star rating,farmhouse-chicago-3
Gary R.,5.0 star rating,the-angry-crab-chicago-3
Shane E.,4.0 star rating,au-cheval-chicago
Josh M.,4.0 star rating,farmhouse-chicago-3
Dawn H.,5.0 star rating,girl-and-the-goat-chicago
Sergio V.,5.0 star rating,t-and-b-grill-chicago
Liz M.,5.0 star rating,t-and-b-grill-chicago
Nic N.,5.0 star rating,knife-and-tine-chicago-2
Rob D.,4.0 star rating,au-cheval-chicago
Osiris V.,5.0 star rating,gather-chicago
Kate N.,5.0 star rating,little-bad-wolf-chicago,5.0 star rating,little-bad-wolf-chicago
Dale B.,5.0 star rating,arbor-chicago,5.0 star rating,arbor-chicago
Sara B.,5.0 star rating,jj-thai-street-food-chicago
Nas A.,5.0 star rating,arbor-chicago
Chrissy P.,1.0 star rating,big-and-littles-restaurant-chicago-2
Krystal E.,5.0 star rating,velvet-taco-chicago
Lulu R.,4.0 star rating,the-angry-crab-chicago-3
Wayzer H.,5.0 star rating,jj-thai-street-food-chicago,5.0 star rating,mother-cluckers-kitchen-chicago
Victor T.,1.0 star rating,boeufhaus-chicago
Lauren M.,5.0 star rating,the-roost-carolina-kitchen-chicago
Tom Z.,5.0 star rating,mother-cluckers-kitchen-chicago
Brenda K.,5.0 star rating,mother-cluckers-kitchen-chicago
Kyle P.,5.0 star rating,the-purple-pig-chicago,5.0 star rating,boeufhaus-chicago
Leslie A.,1.0 star rating,smoque-bbq-chicago
Andrew D.,5.0 star rating,smoque-bbq-chicago,5.0 star rating,hq-howard-quintero-chicago-2
Vince V.,1.0 star rating,boeufhaus-chicago
Helen H.,5.0 star rating,velvet-taco-chicago
Adam W.,5.0 star rating,velvet-taco-chicago,4.0 star rating,the-roost-carolina-kitchen-chicago
Bart S.,4.0 star rating,the-roost-carolina-kitchen-chicago,5.0 star rating,smalls-smoke-shack-and-more-chicago
Johnny E.,5.0 star rating,arbor-chicago
Rose C.,5.0 star rating,gather-chicago
Celine L.,5.0 star rating,the-purple-pig-chicago,5.0 star rating,au-cheval-chicago
Keith R.,4.0 star rating,the-angry-crab-chicago-3
Jeffrey Z.,5.0 star rating,big-and-littles-restaurant-chicago-2
Jacob J.,5.0 star rating,smalls-smoke-shack-and-more-chicago
Xavier A.,5.0 star rating,t-and-b-grill-chicago
May C.,5.0 star rating,the-purple-pig-chicago
David C.,4.0 star rating,au-cheval-chicago
Kelly Anne C.,1.0 star rating,farmhouse-chicago-3
Maria M.,5.0 star rating,the-purple-pig-chicago
Jack M.,5.0 star rating,velvet-taco-chicago,4.0 star rating,farmhouse-chicago-3
Elle J.,1.0 star rating,smoque-bbq-chicago
Shannon K.,4.0 star rating,the-roost-carolina-kitchen-chicago
Susy A.,5.0 star rating,smoque-bbq-chicago
Joe B.,5.0 star rating,the-purple-pig-chicago
Maria D.,5.0 star rating,gather-chicago
Billy M.,5.0 star rating,arbor-chicago
Sara L.,4.0 star rating,au-cheval-chicago
Wendy L.,5.0 star rating,the-purple-pig-chicago,5.0 star rating,the-purple-pig-chicago
Sarah R.,5.0 star rating,smoque-bbq-chicago,1.0 star rating,farmhouse-chicago-3
Grant S.,5.0 star rating,little-bad-wolf-chicago
Kellie A.,5.0 star rating,cafe-versailles-chicago
Dave K.,1.0 star rating,smoque-bbq-chicago,5.0 star rating,little-bad-wolf-chicago
Christine N.,5.0 star rating,au-cheval-chicago
Susan M.,1.0 star rating,farmhouse-chicago-3
Kelsey K.,5.0 star rating,arbor-chicago,5.0 star rating,the-purple-pig-chicago,4.0 star rating,farmhouse-chicago-3,5.0 star rating,girl-and-the-goat-chicago
Jaquie K.,5.0 star rating,little-bad-wolf-chicago,5.0 star rating,big-and-littles-restaurant-chicago-2
Barney L.,5.0 star rating,arbor-chicago
Marisa A.,5.0 star rating,the-roost-carolina-kitchen-chicago
Jennifer P.,5.0 star rating,jj-thai-street-food-chicago,5.0 star rating,mother-cluckers-kitchen-chicago
Coreen W.,5.0 star rating,the-roost-carolina-kitchen-chicago
Matt H.,1.0 star rating,big-and-littles-restaurant-chicago-2
Jeana C.,5.0 star rating,big-and-littles-restaurant-chicago-2
Bobbie A.,5.0 star rating,boeufhaus-chicago,1.0 star rating,boeufhaus-chicago
Lee D.,5.0 star rating,mother-cluckers-kitchen-chicago
John S.,5.0 star rating,hq-howard-quintero-chicago-2,5.0 star rating,jj-thai-street-food-chicago,5.0 star rating,jj-thai-street-food-chicago,5.0 star rating,jj-thai-street-food-chicago
D K.,1.0 star rating,big-and-littles-restaurant-chicago-2
Melissa M.,5.0 star rating,the-purple-pig-chicago,5.0 star rating,the-purple-pig-chicago
Alex A.,5.0 star rating,au-cheval-chicago,4.0 star rating,au-cheval-chicago,5.0 star rating,knife-and-tine-chicago-2,5.0 star rating,knife-and-tine-chicago-2
Luke S.,4.0 star rating,the-roost-carolina-kitchen-chicago,5.0 star rating,big-and-littles-restaurant-chicago-2
aaron f.,1.0 star rating,smoque-bbq-chicago
Ohhee J.,5.0 star rating,au-cheval-chicago
Brian N.,5.0 star rating,little-bad-wolf-chicago
Nae F.,5.0 star rating,smalls-smoke-shack-and-more-chicago
Carla S.,5.0 star rating,smoque-bbq-chicago
Melinda C.,5.0 star rating,hq-howard-quintero-chicago-2
Maisha R.,5.0 star rating,au-cheval-chicago,4.0 star rating,au-cheval-chicago,5.0 star rating,girl-and-the-goat-chicago
Caitlin B.,4.0 star rating,gather-chicago
Shradha A.,5.0 star rating,girl-and-the-goat-chicago
Andre B.,1.0 star rating,smoque-bbq-chicago
Elle M.,4.0 star rating,gather-chicago
Hugo P.,5.0 star rating,gather-chicago
Kimberly O.,4.0 star rating,au-cheval-chicago
Rebecca N.,5.0 star rating,the-angry-crab-chicago-3
Albert K.,5.0 star rating,the-roost-carolina-kitchen-chicago
Christopher M.,5.0 star rating,knife-and-tine-chicago-2
Garry O.,1.0 star rating,big-and-littles-restaurant-chicago-2
Ashley M.,5.0 star rating,cafe-versailles-chicago
Bobby M.,5.0 star rating,velvet-taco-chicago
Arkasha G.,1.0 star rating,big-and-littles-restaurant-chicago-2
Annie V.,4.0 star rating,the-angry-crab-chicago-3
Kensey W.,4.0 star rating,au-cheval-chicago
Karen Anne B.,5.0 star rating,the-purple-pig-chicago
Reuben D.,1.0 star rating,smoque-bbq-chicago
Julie A.,5.0 star rating,smalls-smoke-shack-and-more-chicago
Carol L.,5.0 star rating,the-purple-pig-chicago
Scott S.,5.0 star rating,smalls-smoke-shack-and-more-chicago
Dianne S.,5.0 star rating,the-purple-pig-chicago
Natalija S.,5.0 star rating,the-roost-carolina-kitchen-chicago
Stacy S.,5.0 star rating,smalls-smoke-shack-and-more-chicago
Rachel F.,5.0 star rating,velvet-taco-chicago
Amelia Z.,5.0 star rating,knife-and-tine-chicago-2
Elise K.,5.0 star rating,big-and-littles-restaurant-chicago-2,4.0 star rating,farmhouse-chicago-3
Leslie B.,5.0 star rating,smalls-smoke-shack-and-more-chicago
Be P.,5.0 star rating,the-angry-crab-chicago-3
Ritu R.,5.0 star rating,velvet-taco-chicago,5.0 star rating,little-bad-wolf-chicago
J M.,5.0 star rating,little-bad-wolf-chicago
Maricris D.,5.0 star rating,the-angry-crab-chicago-3
Martin S.,5.0 star rating,jj-thai-street-food-chicago
Linh L.,5.0 star rating,the-roost-carolina-kitchen-chicago
Mari M.,5.0 star rating,arbor-chicago
RD E.,1.0 star rating,farmhouse-chicago-3
Amy D.,5.0 star rating,velvet-taco-chicago
Chelsea S.,5.0 star rating,velvet-taco-chicago
Tiffany R.,5.0 star rating,cafe-versailles-chicago
Seosamh D.,5.0 star rating,t-and-b-grill-chicago
Mark C.,5.0 star rating,big-and-littles-restaurant-chicago-2
Chloe F.,5.0 star rating,knife-and-tine-chicago-2
Tracy K.,5.0 star rating,the-angry-crab-chicago-3
William R.,4.0 star rating,farmhouse-chicago-3
Casey M.,5.0 star rating,the-purple-pig-chicago
Cory S.,5.0 star rating,hq-howard-quintero-chicago-2
Vicky L.,5.0 star rating,smoque-bbq-chicago
Eddie C.,5.0 star rating,gather-chicago
Lindsay Y.,5.0 star rating,velvet-taco-chicago
Angela L.,5.0 star rating,t-and-b-grill-chicago
Asper K.,4.0 star rating,the-roost-carolina-kitchen-chicago
Steven W.,4.0 star rating,au-cheval-chicago
Parker P.,1.0 star rating,boeufhaus-chicago
Beata K.,5.0 star rating,the-purple-pig-chicago
Denise D.,5.0 star rating,little-bad-wolf-chicago
Nick D.,5.0 star rating,au-cheval-chicago
James L.,4.0 star rating,au-cheval-chicago
Angie K.,5.0 star rating,velvet-taco-chicago
Eric M.,5.0 star rating,mother-cluckers-kitchen-chicago
Suzy D.,5.0 star rating,jj-thai-street-food-chicago,4.0 star rating,gather-chicago
Adam D.,5.0 star rating,smalls-smoke-shack-and-more-chicago
Fleming B.,5.0 star rating,girl-and-the-goat-chicago
Pete C.,5.0 star rating,t-and-b-grill-chicago,5.0 star rating,big-and-littles-restaurant-chicago-2
Noriko O.,5.0 star rating,cafe-versailles-chicago
Jasmin G.,5.0 star rating,smalls-smoke-shack-and-more-chicago
Thomas Q.,5.0 star rating,smoque-bbq-chicago
Katy S.,5.0 star rating,au-cheval-chicago
Mary T.,5.0 star rating,girl-and-the-goat-chicago
Johnny T.,5.0 star rating,the-purple-pig-chicago
Aaron Jae M.,5.0 star rating,big-and-littles-restaurant-chicago-2
David R.,4.0 star rating,the-roost-carolina-kitchen-chicago,5.0 star rating,gather-chicago,4.0 star rating,gather-chicago,5.0 star rating,smalls-smoke-shack-and-more-chicago
Jami S.,1.0 star rating,farmhouse-chicago-3
Justin W.,5.0 star rating,au-cheval-chicago
M P.,5.0 star rating,smalls-smoke-shack-and-more-chicago
Kate J.,5.0 star rating,cafe-versailles-chicago
Jay S.,1.0 star rating,farmhouse-chicago-3
Wing C.,5.0 star rating,the-purple-pig-chicago
Sara S.,1.0 star rating,farmhouse-chicago-3
Matt M.,1.0 star rating,big-and-littles-restaurant-chicago-2,5.0 star rating,girl-and-the-goat-chicago
Arturo C.,5.0 star rating,gather-chicago
Marilyn H.,5.0 star rating,arbor-chicago
Allen J.,1.0 star rating,farmhouse-chicago-3
Jaime G.,5.0 star rating,hq-howard-quintero-chicago-2,5.0 star rating,smalls-smoke-shack-and-more-chicago,5.0 star rating,mother-cluckers-kitchen-chicago
Tu-Anh N.,5.0 star rating,the-purple-pig-chicago
Mark H.,5.0 star rating,au-cheval-chicago,5.0 star rating,big-and-littles-restaurant-chicago-2
Mike W.,5.0 star rating,boeufhaus-chicago,5.0 star rating,boeufhaus-chicago,1.0 star rating,boeufhaus-chicago,5.0 star rating,little-bad-wolf-chicago,5.0 star rating,gather-chicago
Stephanie L.,5.0 star rating,boeufhaus-chicago,5.0 star rating,girl-and-the-goat-chicago
Vincent C.,5.0 star rating,knife-and-tine-chicago-2
Jeff J.,5.0 star rating,smalls-smoke-shack-and-more-chicago
Shaza O.,1.0 star rating,boeufhaus-chicago
Brian C.,5.0 star rating,girl-and-the-goat-chicago
Tim F.,1.0 star rating,big-and-littles-restaurant-chicago-2
Rafia J.,5.0 star rating,little-bad-wolf-chicago
Jenny G.,5.0 star rating,smalls-smoke-shack-and-more-chicago
Emily H.,5.0 star rating,jj-thai-street-food-chicago,5.0 star rating,cafe-versailles-chicago
Anne W.,5.0 star rating,arbor-chicago
Taylor W.,5.0 star rating,boeufhaus-chicago
Madison W.,1.0 star rating,big-and-littles-restaurant-chicago-2
Joan K.,1.0 star rating,smoque-bbq-chicago
Mark G.,5.0 star rating,arbor-chicago
Tony T.,5.0 star rating,the-angry-crab-chicago-3,4.0 star rating,the-angry-crab-chicago-3
Amanda N.,5.0 star rating,smoque-bbq-chicago
J R.,5.0 star rating,the-roost-carolina-kitchen-chicago
Nate C.,5.0 star rating,the-roost-carolina-kitchen-chicago,4.0 star rating,the-roost-carolina-kitchen-chicago
Beth I.,1.0 star rating,farmhouse-chicago-3
Kevin B.,5.0 star rating,big-and-littles-restaurant-chicago-2
Yvonne B.,4.0 star rating,gather-chicago
Matt P.,5.0 star rating,boeufhaus-chicago,1.0 star rating,boeufhaus-chicago
Rachel W.,5.0 star rating,the-purple-pig-chicago,5.0 star rating,big-and-littles-restaurant-chicago-2
Mike L.,5.0 star rating,jj-thai-street-food-chicago
Brandon L.,5.0 star rating,smalls-smoke-shack-and-more-chicago
Kate W.,5.0 star rating,little-bad-wolf-chicago
Jackie M.,5.0 star rating,hq-howard-quintero-chicago-2,5.0 star rating,t-and-b-grill-chicago,1.0 star rating,big-and-littles-restaurant-chicago-2,5.0 star rating,cafe-versailles-chicago
Gerry T.,5.0 star rating,big-and-littles-restaurant-chicago-2,1.0 star rating,big-and-littles-restaurant-chicago-2
Eric H.,1.0 star rating,smoque-bbq-chicago
Pavnit K.,5.0 star rating,jj-thai-street-food-chicago
Jake C.,1.0 star rating,big-and-littles-restaurant-chicago-2
Chris G.,5.0 star rating,the-roost-carolina-kitchen-chicago,5.0 star rating,smoque-bbq-chicago,1.0 star rating,smoque-bbq-chicago
Reuben H.,5.0 star rating,the-purple-pig-chicago
Cookie M.,5.0 star rating,the-purple-pig-chicago,5.0 star rating,the-purple-pig-chicago
Danielle A.,5.0 star rating,knife-and-tine-chicago-2,5.0 star rating,the-angry-crab-chicago-3
Catticut P.,5.0 star rating,gather-chicago,4.0 star rating,gather-chicago
Brett E.,1.0 star rating,big-and-littles-restaurant-chicago-2
Bobby G.,5.0 star rating,jj-thai-street-food-chicago
Garrett G.,5.0 star rating,arbor-chicago
Shannon L.,5.0 star rating,velvet-taco-chicago
Pam D.,5.0 star rating,mother-cluckers-kitchen-chicago
Bernardo S.,5.0 star rating,little-bad-wolf-chicago
Jessica G.,5.0 star rating,arbor-chicago,5.0 star rating,the-roost-carolina-kitchen-chicago
Nikhil S.,5.0 star rating,smoque-bbq-chicago
Daniel N.,5.0 star rating,jj-thai-street-food-chicago
E W.,1.0 star rating,boeufhaus-chicago
Jackie D.,5.0 star rating,hq-howard-quintero-chicago-2
Iman J.,5.0 star rating,t-and-b-grill-chicago
U.M. S.,5.0 star rating,gather-chicago
Lauren H.,5.0 star rating,girl-and-the-goat-chicago
Anna F.,5.0 star rating,au-cheval-chicago
Jay I.,5.0 star rating,boeufhaus-chicago,1.0 star rating,boeufhaus-chicago
Michelle M.,5.0 star rating,t-and-b-grill-chicago
Steve A.,1.0 star rating,big-and-littles-restaurant-chicago-2
Linda L.,4.0 star rating,the-roost-carolina-kitchen-chicago,4.0 star rating,farmhouse-chicago-3
Rosa J.,5.0 star rating,t-and-b-grill-chicago,5.0 star rating,cafe-versailles-chicago
Matt G.,5.0 star rating,hq-howard-quintero-chicago-2
Britt C.,4.0 star rating,au-cheval-chicago
Mike R.,5.0 star rating,velvet-taco-chicago,5.0 star rating,t-and-b-grill-chicago
Nikki H.,5.0 star rating,the-roost-carolina-kitchen-chicago,4.0 star rating,the-roost-carolina-kitchen-chicago
C.C. H.,5.0 star rating,the-roost-carolina-kitchen-chicago
Philip S.,1.0 star rating,smoque-bbq-chicago
Ian L.,5.0 star rating,big-and-littles-restaurant-chicago-2
Christina G.,5.0 star rating,little-bad-wolf-chicago
Jo P.,1.0 star rating,smoque-bbq-chicago
Sara V.,1.0 star rating,smoque-bbq-chicago
Kat L.,5.0 star rating,the-angry-crab-chicago-3
Chris H.,5.0 star rating,boeufhaus-chicago
Starly S.,5.0 star rating,little-bad-wolf-chicago
Maria P.,5.0 star rating,cafe-versailles-chicago
Joseph R.,4.0 star rating,farmhouse-chicago-3
Kristina K.,5.0 star rating,little-bad-wolf-chicago
The Gorn ..,1.0 star rating,smoque-bbq-chicago
Gillian C.,5.0 star rating,arbor-chicago
Guy Z.,1.0 star rating,farmhouse-chicago-3
Tatiana B.,5.0 star rating,smalls-smoke-shack-and-more-chicago
Craig R.,5.0 star rating,little-bad-wolf-chicago
Sofia J.,5.0 star rating,the-angry-crab-chicago-3
James Z.,4.0 star rating,the-roost-carolina-kitchen-chicago
Patrick H.,5.0 star rating,the-roost-carolina-kitchen-chicago
Carol K.,5.0 star rating,knife-and-tine-chicago-2,5.0 star rating,girl-and-the-goat-chicago
Anna T.,5.0 star rating,the-purple-pig-chicago,5.0 star rating,au-cheval-chicago
Gershon A.,5.0 star rating,smalls-smoke-shack-and-more-chicago
Anh-Thu N.,5.0 star rating,smoque-bbq-chicago
Robert S.,5.0 star rating,velvet-taco-chicago
Terri L.,1.0 star rating,farmhouse-chicago-3
